,partei,phase,zh-japroz,be-japroz,lu-japroz,ur-japroz,sz-japroz,ow-japroz,nw-japroz,gl-japroz,zg-japroz,fr-japroz,so-japroz,bs-japroz,bl-japroz,sh-japroz,ar-japroz,ai-japroz,sg-japroz,gr-japroz,ag-japroz,tg-japroz,ti-japroz,vd-japroz,vs-japroz,ne-japroz,ge-japroz,ju-japroz
0,br-pos_label,phase1_fruehphase,10.130384615384616,0.44576923076923064,-11.378846153846155,-30.849615384615387,-19.646538461538462,-27.34730769230769,-22.90576923076923,6.6800000000000015,-11.493846153846153,-26.963461538461537,1.5938461538461537,16.31,5.958846153846154,7.211153846153845,4.480384615384616,-30.970384615384617,-9.197692307692307,-12.23,0.7096153846153844,9.297692307692305,-13.421923076923077,-6.349615384615384,-31.054230769230767,7.147307692307692,-2.376153846153847,
1,br-pos_label,phase2_volatile,7.302131147540983,7.191311475409837,9.51377049180328,5.555737704918033,2.5318032786885243,5.24327868852459,6.509672131147541,6.359344262295083,5.694754098360655,7.726065573770493,8.12672131147541,2.982786885245902,4.4424590163934425,9.754590163934425,6.760491803278688,5.579016393442623,5.812622950819672,11.344426229508196,7.8500000000000005,11.538032786885246,9.745737704918033,7.9416393442622955,5.91344262295082,4.100983606557377,6.474590163934426,
2,br-pos_label,phase3_konsens,6.1888,11.0,11.795399999999999,13.944600000000001,10.8058,16.3628,13.646400000000002,14.4032,10.6708,17.785,11.052999999999999,5.3874,7.3238,6.8452,9.505,18.6256,11.466199999999999,17.840400000000002,8.3964,12.8914,14.287,12.4752,14.604800000000001,9.8706,10.6024,
3,br-pos_label,phase4_aufspaltung,13.050257352941177,12.072610294117647,12.566029411764706,9.678125,8.920882352941177,11.85875,13.227757352941175,10.977977941176471,13.933198529411765,11.808933823529413,10.518492647058823,11.832205882352941,12.568529411764706,10.043014705882353,11.790992647058824,12.684448529411766,12.476139705882353,12.671213235294118,11.594044117647059,12.082536764705882,9.006911764705883,12.299485294117646,9.781617647058823,10.460919117647059,11.185698529411766,7.5013749999999995
4,br-pos_label,phase5_2010_heute,10.16274336283186,9.168141592920353,11.76433628318584,9.556814159292037,9.607256637168142,11.369115044247788,12.45867256637168,8.473185840707965,13.161946902654867,9.917964601769912,8.821946902654867,8.24849557522124,8.893362831858408,6.404778761061947,8.605575221238938,10.785840707964601,9.277079646017699,11.277345132743363,9.753893805309735,9.082654867256636,6.60858407079646,11.45495575221239,10.768407079646018,9.19504424778761,7.655398230088495,6.731769911504424
5,bv-pos_label,phase1_fruehphase,18.567037037037036,2.5296296296296297,-8.902592592592592,-23.712777777777777,-14.017777777777779,-12.897037037037036,-18.12203703703704,7.028148148148148,-6.766851851851851,-17.362407407407407,8.981666666666667,16.09222222222222,8.418333333333335,10.668703703703704,1.8133333333333337,-27.808333333333334,-5.464074074074074,-12.113703703703704,2.8014814814814817,14.756851851851852,-0.8557407407407406,-4.612222222222222,-21.203703703703702,11.87425925925926,3.162777777777777,
6,bv-pos_label,phase2_volatile,10.44215909090909,9.608863636363637,12.58340909090909,6.61965909090909,4.03659090909091,7.5673863636363645,8.40284090909091,8.702613636363637,7.73875,10.216477272727273,9.947045454545455,9.524886363636364,6.743181818181818,12.771931818181816,7.5921590909090915,4.4069318181818184,7.766818181818182,12.848977272727273,7.676477272727272,11.919431818181819,14.807840909090908,11.34306818181818,9.615113636363636,8.245113636363637,12.552954545454543,
7,bv-pos_label,phase3_konsens,11.086407766990293,13.26252427184466,13.11388349514563,13.458932038834952,7.93,13.345145631067961,12.52019417475728,13.201747572815533,12.750970873786407,16.301553398058253,12.61271844660194,11.729126213592233,11.055922330097088,10.576504854368933,7.780388349514563,15.949611650485437,11.631941747572816,15.824563106796116,8.904271844660196,12.279805825242718,16.59631067961165,14.169223300970874,12.894271844660196,11.645922330097088,14.336116504854369,
8,bv-pos_label,phase4_aufspaltung,13.027455197132616,11.932903225806452,12.243620071684587,9.368387096774194,8.546236559139786,11.39405017921147,12.790824372759856,10.867491039426524,13.689498207885304,11.534767025089605,10.358243727598566,11.970609318996416,12.547168458781362,9.93820788530466,11.405698924731183,12.158781362007167,12.185448028673836,12.42537634408602,11.371541218637992,11.827347670250896,9.06372759856631,12.252724014336916,9.40537634408602,10.497491039426524,11.38594982078853,7.388347107438016
9,bv-pos_label,phase5_2010_heute,10.484770642201834,9.383577981651376,12.114036697247707,9.805871559633026,9.966972477064221,11.657064220183488,12.80376146788991,8.758073394495414,13.55440366972477,10.400917431192662,9.179724770642203,8.399908256880734,9.433302752293578,6.852935779816513,8.877706422018349,11.071559633027523,9.623394495412844,11.732660550458716,10.163761467889907,9.437247706422019,7.388532110091743,12.097981651376147,11.358440366972477,9.701009174311928,8.311834862385322,7.198256880733944
10,p-fdp_label,phase1_fruehphase,15.119375,13.11125,0.49937499999999924,-18.4575,-12.681875000000002,-15.9725,-13.945,6.108125000000001,3.4743750000000007,-19.0975,12.0625,21.209374999999998,8.2975,11.95375,13.826875000000001,-23.26125,3.2725,-5.03125,4.131875,13.75875,-0.17250000000000032,4.067500000000001,-21.585,3.3374999999999995,3.569375,
11,p-fdp_label,phase2_volatile,11.958571428571428,11.392207792207794,11.922987012987011,6.505584415584416,3.2536363636363634,5.922337662337663,6.492337662337663,10.175714285714285,7.74012987012987,9.20116883116883,11.43948051948052,11.282857142857143,8.342597402597402,14.106493506493507,9.45948051948052,3.6967532467532465,8.21961038961039,13.478181818181817,8.9687012987013,13.37857142857143,15.39064935064935,11.687142857142856,8.57844155844156,9.685064935064934,13.377532467532466,
12,p-fdp_label,phase3_konsens,12.2526,14.326200000000002,14.3201,14.6612,9.5324,15.495999999999999,14.0308,14.7639,14.173399999999999,17.1738,13.863399999999999,12.8892,12.645199999999999,11.8217,10.6948,17.4431,13.1428,16.8141,10.1422,13.9705,16.924500000000002,14.1475,14.1711,12.2052,14.1066,
13,p-fdp_label,phase4_aufspaltung,13.058709677419355,11.71046594982079,12.34888888888889,9.51426523297491,9.435770609318997,12.00394265232975,13.294623655913977,11.509498207885304,13.926236559139785,11.348494623655913,10.331541218637993,11.206272401433692,12.203046594982078,10.067204301075268,11.677813620071685,12.839964157706094,12.234982078853047,12.326917562724015,11.686129032258064,12.125770609318996,8.193333333333333,12.308028673835125,10.417096774193547,10.275985663082437,11.217706093189964,6.900290456431535
14,p-fdp_label,phase5_2010_heute,8.453008849557522,7.257522123893805,10.322212389380532,8.965309734513275,10.233097345132744,11.246814159292036,12.175309734513274,7.806283185840708,12.4,6.831769911504425,7.867256637168142,5.1497345132743355,7.884690265486726,6.120176991150442,8.308938053097345,11.128141592920354,8.726106194690265,10.009026548672566,8.984159292035399,8.51787610619469,4.821150442477876,7.901858407079645,9.556194690265485,5.379469026548673,4.638938053097346,2.756017699115044
15,p-gps_label,phase1_fruehphase,,,,,,,,,,,,,,,,,,,,,,,,,,
16,p-gps_label,phase2_volatile,,,,,,,,,,,,,,,,,,,,,,,,,,
17,p-gps_label,phase3_konsens,,,,,,,,,,,,,,,,,,,,,,,,,,
18,p-gps_label,phase4_aufspaltung,0.831470588235294,0.2380882352941174,-2.7487254901960783,-2.8230882352941182,-7.163235294117647,-5.538186274509804,-5.32,-3.8723039215686272,-2.851078431372549,-1.80921568627451,-2.1981862745098035,5.826372549019608,1.0600980392156865,-1.7376960784313726,-3.1590196078431374,-8.069264705882352,-3.218235294117647,-1.1117156862745097,-4.454460784313726,-5.26843137254902,0.8112745098039216,0.13519607843137266,-5.594117647058824,1.6014705882352944,4.822794117647058,2.578872549019608
19,p-gps_label,phase5_2010_heute,2.6507407407407406,2.113703703703704,-1.7831481481481484,-4.825462962962963,-7.8399074074074075,-7.038055555555555,-6.716666666666667,-2.7488888888888887,-3.78712962962963,3.2894444444444444,-0.32175925925925924,8.769444444444444,1.292962962962963,-0.4857407407407407,-2.4666666666666663,-8.101203703703705,-2.814814814814815,-1.5053703703703702,-2.0155555555555558,-3.44962962962963,-0.2944444444444448,7.065555555555556,-1.4073148148148147,7.4437037037037035,8.985648148148147,7.1681481481481475
20,p-mitte_label,phase1_fruehphase,-35.94,-30.129999999999995,-7.789999999999999,21.27,-7.229999999999997,17.58,-7.310000000000002,-7.270000000000003,-14.939999999999998,25.97,-29.0,-26.689999999999998,-26.379999999999995,-34.290000000000006,11.280000000000001,2.6599999999999966,9.740000000000002,25.53,-40.08,-27.439999999999998,37.42,32.97,46.84,4.25,37.19,
21,p-mitte_label,phase2_volatile,11.863387096774193,11.20032258064516,15.996935483870967,12.978064516129033,10.127096774193548,14.455,14.390161290322581,12.478548387096774,11.904677419354837,17.25,12.28209677419355,11.886935483870968,8.063387096774195,13.071612903225805,8.718870967741937,12.279516129032258,11.866774193548387,16.126129032258067,9.490161290322582,13.692903225806452,18.03032258064516,13.586451612903225,16.76483870967742,12.831935483870968,17.24822580645161,
22,p-mitte_label,phase3_konsens,11.163499999999999,13.4494,13.2142,13.7848,8.3062,13.5338,12.7497,13.7471,12.914299999999999,17.4006,12.6356,11.9177,11.1527,10.644300000000001,8.0165,16.2968,11.9405,16.5726,9.1727,12.5829,17.1846,14.5152,13.2318,11.8293,14.4607,
23,p-mitte_label,phase4_aufspaltung,12.66584229390681,11.759390681003584,12.410358422939067,9.836451612903225,8.833548387096775,11.699068100358422,12.865985663082437,10.764014336917562,13.630465949820788,11.7468458781362,10.331218637992832,11.603189964157705,12.204265232974912,9.784157706093191,11.22921146953405,12.432831541218636,12.226881720430109,12.443046594982079,11.239713261648745,11.776559139784945,9.136164874551971,11.82853046594982,9.866057347670251,10.381612903225806,10.97336917562724,8.051991701244813
24,p-mitte_label,phase5_2010_heute,9.354774774774775,8.396486486486486,11.275135135135136,9.02036036036036,9.124234234234233,10.873693693693694,12.00018018018018,7.748738738738739,12.614774774774775,9.73954954954955,8.35918918918919,7.457837837837839,8.54072072072072,6.058738738738739,7.9472072072072075,10.182612612612612,8.747837837837837,10.801891891891891,9.276036036036038,8.533603603603604,6.596306306306306,11.13081081081081,10.69045045045045,8.88117117117117,7.3583783783783785,6.892792792792792
25,p-sps_label,phase1_fruehphase,17.45307692307692,9.295384615384616,2.5784615384615366,-10.139999999999999,-3.9792307692307696,-10.09153846153846,-7.472307692307691,19.06923076923077,11.473076923076926,-15.043076923076923,14.466153846153846,20.509999999999998,6.909230769230769,18.13153846153846,6.337692307692308,-17.414615384615384,4.932307692307693,-5.1838461538461535,4.461538461538461,10.252307692307692,3.2161538461538464,-4.131538461538462,-16.13230769230769,2.8830769230769233,3.630769230769232,
26,p-sps_label,phase2_volatile,9.993333333333332,7.511481481481481,2.5875308641975305,6.18641975308642,1.4311111111111112,-3.2427160493827163,-1.0041975308641977,9.489876543209876,3.818518518518519,-1.5341975308641973,10.324444444444444,15.084197530864197,8.897777777777778,9.623333333333333,1.4109876543209878,-2.8407407407407406,5.349012345679013,4.439876543209876,5.304444444444445,3.5306172839506176,11.834074074074074,-0.7929629629629632,1.6797530864197534,9.552345679012346,12.567530864197531,
27,p-sps_label,phase3_konsens,12.379444444444445,13.111555555555555,8.719111111111111,9.072666666666667,2.5596666666666663,4.595777777777778,7.061444444444444,9.990888888888888,9.320555555555554,10.533888888888889,11.842333333333332,15.582666666666666,12.879333333333335,11.520222222222221,4.455,6.343111111111111,7.531666666666667,10.391,8.430666666666667,8.732888888888889,17.490111111111112,12.798555555555554,8.148333333333333,13.669222222222222,16.143555555555558,
28,p-sps_label,phase4_aufspaltung,2.844671814671815,1.649420849420849,-1.8690347490347492,-2.3652895752895753,-6.51938223938224,-5.382895752895753,-4.462548262548262,-2.5754440154440155,-1.1364478764478765,-0.09436293436293455,-0.36196911196911213,7.962818532818533,3.5787644787644792,-0.04598455598455601,-2.8006563706563705,-7.754362934362934,-1.9948262548262548,-0.035868725868725825,-2.741853281853282,-3.871698841698842,2.49996138996139,2.9344015444015445,-4.1262934362934365,4.456447876447877,7.587181467181467,3.82
29,p-sps_label,phase5_2010_heute,4.59990909090909,4.210454545454546,0.6499090909090907,-2.138818181818182,-5.463454545454546,-4.335181818181818,-4.016545454545454,-0.26136363636363613,-1.3352727272727274,5.554454545454545,1.619181818181818,10.518363636363636,3.4688181818181816,1.4833636363636362,-0.23800000000000038,-5.257636363636364,-0.5265454545454544,0.9326363636363637,0.0959090909090905,-1.1897272727272727,2.1929999999999996,9.672272727272727,1.1599090909090912,9.746818181818181,10.679272727272728,9.266272727272726
30,p-svp_label,phase1_fruehphase,,,,,,,,,,,,,,,,,,,,,,,,,,
31,p-svp_label,phase2_volatile,8.016349206349206,9.384126984126985,10.733174603174604,8.525396825396825,5.962539682539683,9.156031746031747,9.804126984126984,7.9655555555555555,6.993809523809524,13.43873015873016,7.061587301587301,5.9819047619047625,4.802698412698413,9.43222222222222,6.2063492063492065,8.756190476190476,7.2555555555555555,12.205555555555556,7.334444444444444,11.825714285714286,13.159206349206348,11.23047619047619,13.012539682539682,9.775555555555556,12.453174603174602,
32,p-svp_label,phase3_konsens,11.9232,14.154300000000001,14.218399999999999,14.890899999999998,9.1702,14.595799999999999,13.4465,14.2762,13.940199999999999,17.0544,13.708499999999999,12.030899999999999,11.862400000000001,11.607899999999999,9.1923,17.4809,12.765999999999998,17.1339,9.8774,13.5429,17.2277,14.203199999999999,13.6943,11.8896,14.2883,
33,p-svp_label,phase4_aufspaltung,11.348303249097473,10.504115523465703,12.48740072202166,10.86927797833935,12.085234657039711,13.310685920577617,14.170397111913356,13.11783393501805,12.983682310469314,9.790902527075811,10.29927797833935,7.78274368231047,10.353357400722022,10.987725631768953,12.602418772563176,15.83480144404332,13.13696750902527,11.896028880866425,12.457184115523464,13.750974729241877,8.40563176895307,8.654476534296029,9.700758122743682,6.666678700361011,6.4074368231046925,3.46207468879668
34,p-svp_label,phase5_2010_heute,0.511636363636364,1.0226363636363636,4.694272727272727,7.804545454545455,10.667454545454547,10.058636363636364,9.769181818181817,5.346363636363636,6.916181818181818,-0.2934545454545456,3.3859090909090908,-5.635909090909092,1.8413636363636363,3.3229090909090906,5.085727272727273,10.928181818181818,5.4475454545454545,4.638090909090909,5.018363636363636,6.03009090909091,2.8022727272727272,-3.5123636363636366,4.605818181818181,-4.696,-5.720999999999999,-4.375363636363636
